Epoch,Train Loss,Val Loss,Val PSNR,Val SSIM,Learning Rate,Epoch Time
1,-54.77146715204766,-54.07550703606691,28.27477885371716,0.8115997991923293,0.0009999984861274376,193.50233221054077
2,-56.2364888941988,-54.07550703606691,28.27477885371716,0.8115997991923293,0.0009999939445189119,68.25905728340149
3,-56.47245790197494,-54.07550703606691,28.27477885371716,0.8115997991923293,0.0009999863752019318,68.25898122787476
4,-56.8383699863515,-54.07550703606691,28.27477885371716,0.8115997991923293,0.0009999757782223368,68.25035095214844
5,-57.025945249516916,-54.07550703606691,28.27477885371716,0.8115997991923293,0.0009999621536443055,68.3358702659607
6,-54.60145797932402,-54.07550703606691,28.27477885371716,0.8115997991923293,0.0009999455015503452,68.2833502292633
7,-57.075155728928586,-54.07550703606691,28.27477885371716,0.8115997991923293,0.0009999258220413014,68.24207329750061
8,-57.23334219100627,-54.07550703606691,28.27477885371716,0.8115997991923293,0.000999903115236357,68.23056674003601
9,-57.50750621227508,-54.07550703606691,28.27477885371716,0.8115997991923293,0.0009998773812730298,68.32092046737671
10,-57.58593073094145,-54.07550703606691,28.27477885371716,0.8115997991923293,0.0009998486203071618,68.3705735206604
11,-57.65888127266093,-54.07550703606691,28.27477885371716,0.8115997991923293,0.0009998168325129407,68.28769659996033
12,-57.83412491007054,-54.07550703606691,28.27477885371716,0.8115997991923293,0.0009997820180828682,68.29243969917297
13,-55.13544037595708,-54.07550703606691,28.27477885371716,0.8115997991923293,0.0009997441772277881,68.32109427452087
14,-56.170561575382315,-54.07550703606691,28.27477885371716,0.8115997991923293,0.0009997033101768662,68.31803488731384
15,-57.96443846682285,-55.748657812424966,28.951262950974566,0.8305896555364585,0.0009996594171775971,194.74204516410828
16,-58.25985714526887,-55.748657812424966,28.951262950974566,0.8305896555364585,0.0009996124984958047,68.21596598625183
17,-58.250606593679876,-55.748657812424966,28.951262950974566,0.8305896555364585,0.0009995625544156272,68.30757474899292
18,-58.47957897592098,-55.748657812424966,28.951262950974566,0.8305896555364585,0.0009995095852395322,68.33570837974548
19,-58.68886372180695,-55.748657812424966,28.951262950974566,0.8305896555364585,0.0009994535912883102,68.30380010604858
20,-58.59715150062074,-55.748657812424966,28.951262950974566,0.8305896555364585,0.000999394572901063,68.33723568916321
21,-58.602440740707074,-55.748657812424966,28.951262950974566,0.8305896555364585,0.0009993325304352141,68.2093575000763
22,-58.6192077555555,-55.748657812424966,28.951262950974566,0.8305896555364585,0.0009992674642664964,68.34412050247192
23,-58.659327356866065,-55.748657812424966,28.951262950974566,0.8305896555364585,0.000999199374788952,68.26278710365295
24,-58.79392329276876,-55.748657812424966,28.951262950974566,0.8305896555364585,0.000999128262414945,68.25648999214172
25,-58.78263962928285,-55.748657812424966,28.951262950974566,0.8305896555364585,0.0009990541275751374,68.21880602836609
26,-58.810273393671565,-55.748657812424966,28.951262950974566,0.8305896555364585,0.0009989769707184925,68.2412645816803
27,-59.028442723700344,-55.748657812424966,28.951262950974566,0.8305896555364585,0.0009988967923122854,68.16951155662537
28,-58.98958188320728,-55.748657812424966,28.951262950974566,0.8305896555364585,0.0009988135928420822,68.2823965549469
29,-59.19544581149487,-55.748657812424966,28.951262950974566,0.8305896555364585,0.000998727372811741,68.23510432243347
30,-58.14133972817279,9.600005371065981,1.2268743125949155,0.00835149142646438,0.000998638132743425,193.53990840911865
31,-49.39791620563953,9.600005371065981,1.2268743125949155,0.00835149142646438,0.0009985458731775823,68.47009778022766
32,-59.06780868692601,9.600005371065981,1.2268743125949155,0.00835149142646438,0.0009984505946729414,68.29840540885925
33,-59.10848395164977,9.600005371065981,1.2268743125949155,0.00835149142646438,0.0009983522978065196,68.31822347640991
34,-59.016923539181974,9.600005371065981,1.2268743125949155,0.00835149142646438,0.0009982509831736115,68.3013825416565
35,-59.459695572548725,9.600005371065981,1.2268743125949155,0.00835149142646438,0.0009981466513877847,68.56047415733337
36,-59.56429834568754,9.600005371065981,1.2268743125949155,0.00835149142646438,0.000998039303080889,68.36772871017456
37,-59.645986954709315,9.600005371065981,1.2268743125949155,0.00835149142646438,0.000997928938903037,68.25534081459045
38,-55.400568172272216,9.600005371065981,1.2268743125949155,0.00835149142646438,0.000997815559522599,68.54406261444092
39,-59.06713470296657,9.600005371065981,1.2268743125949155,0.00835149142646438,0.0009976991656262155,68.19787621498108
40,-59.44316536923672,9.600005371065981,1.2268743125949155,0.00835149142646438,0.000997579757918776,68.66095614433289
41,-59.46065252588151,9.600005371065981,1.2268743125949155,0.00835149142646438,0.0009974573371234253,68.25833797454834
42,-59.769516656753865,9.600005371065981,1.2268743125949155,0.00835149142646438,0.0009973319039815556,68.24988675117493
43,-54.38280236670312,9.600005371065981,1.2268743125949155,0.00835149142646438,0.0009972034592528043,68.26377415657043
44,-59.4985284764716,9.600005371065981,1.2268743125949155,0.00835149142646438,0.0009970720037150434,68.2123122215271
45,-59.8951807630823,-57.18965917267876,29.787061316875523,0.8559886422063147,0.0009969375381643792,193.3619315624237
46,-59.873587774723134,-57.18965917267876,29.787061316875523,0.8559886422063147,0.0009968000634151492,68.15431189537048
47,-59.97794515731487,-57.18965917267876,29.787061316875523,0.8559886422063147,0.0009966595802999108,68.39740896224976
48,-59.749301252973844,-57.18965917267876,29.787061316875523,0.8559886422063147,0.0009965160896694503,68.17440032958984
49,-60.00675497663782,-57.18965917267876,29.787061316875523,0.8559886422063147,0.0009963695923927587,68.33717513084412
50,-55.921687129203306,-57.18965917267876,29.787061316875523,0.8559886422063147,0.00099622008935703,68.26391935348511
51,-59.28651976078115,-57.18965917267876,29.787061316875523,0.8559886422063147,0.000996067581467673,68.16667747497559
52,-59.80304933101573,-57.18965917267876,29.787061316875523,0.8559886422063147,0.0009959120696482913,68.22514271736145
53,-60.09667346223872,-57.18965917267876,29.787061316875523,0.8559886422063147,0.000995753554840681,68.28204393386841
54,-60.0156965377483,-57.18965917267876,29.787061316875523,0.8559886422063147,0.0009955920380048209,68.33372688293457
55,-60.22959891785967,-57.18965917267876,29.787061316875523,0.8559886422063147,0.000995427520118873,68.20893883705139
56,-60.15520215947577,-57.18965917267876,29.787061316875523,0.8559886422063147,0.0009952600021791757,68.28960704803467
57,-52.36811324903306,-57.18965917267876,29.787061316875523,0.8559886422063147,0.00099508948520023,68.21482396125793
58,-59.799658592711104,-57.18965917267876,29.787061316875523,0.8559886422063147,0.0009949159702147018,68.23232460021973
59,-60.12263849948315,-57.18965917267876,29.787061316875523,0.8559886422063147,0.0009947394582734185,68.1744613647461
60,-60.08501750053244,-57.530300304837276,29.924759410848385,0.8611619738317856,0.000994559950445354,193.85152554512024
61,-60.37490985951525,-57.530300304837276,29.924759410848385,0.8611619738317856,0.0009943774478176214,68.18960046768188
62,-60.22890770283151,-57.530300304837276,29.924759410848385,0.8611619738317856,0.0009941919514954729,68.20461320877075
63,-59.85599266214574,-57.530300304837276,29.924759410848385,0.8611619738317856,0.0009940034626022979,68.21423029899597
64,-60.341612836147874,-57.530300304837276,29.924759410848385,0.8611619738317856,0.0009938119822795965,68.24305319786072
65,-58.39950184923537,-57.530300304837276,29.924759410848385,0.8611619738317856,0.0009936175116869977,68.26408624649048
66,-60.14283517066469,-57.530300304837276,29.924759410848385,0.8611619738317856,0.000993420052002228,68.5786759853363
67,-60.35840081559851,-57.530300304837276,29.924759410848385,0.8611619738317856,0.000993219604421129,68.24729681015015
68,-60.463727861769655,-57.530300304837276,29.924759410848385,0.8611619738317856,0.0009930161701576286,68.22101378440857
69,-60.386468229902555,-57.530300304837276,29.924759410848385,0.8611619738317856,0.000992809750443738,68.24174523353577
70,-60.38227860471036,-57.530300304837276,29.924759410848385,0.8611619738317856,0.0009926003465295628,68.21691536903381
71,-60.321439540132566,-57.530300304837276,29.924759410848385,0.8611619738317856,0.0009923879596832688,68.25491619110107
72,-60.57203694607349,-57.530300304837276,29.924759410848385,0.8611619738317856,0.000992172591191093,68.28252720832825
73,-60.52269081765033,-57.530300304837276,29.924759410848385,0.8611619738317856,0.0009919542423573256,68.25451278686523
74,-60.531142303791455,-57.530300304837276,29.924759410848385,0.8611619738317856,0.000991732914504312,68.23914432525635
75,-60.513190841674806,-57.46720846207699,30.055549636415112,0.8632698075297343,0.0009915086089724305,194.24931859970093
76,-60.532685316369886,-57.46720846207699,30.055549636415112,0.8632698075297343,0.000991281327120101,68.2333915233612
77,-60.53055208896069,-57.46720846207699,30.055549636415112,0.8632698075297343,0.0009910510703237607,68.34266519546509
78,-57.092582390156196,-57.46720846207699,30.055549636415112,0.8632698075297343,0.0009908178399778706,68.39095497131348
79,-60.15383049173558,-57.46720846207699,30.055549636415112,0.8632698075297343,0.0009905816374948895,75.81873893737793
80,-60.61046446942269,-57.46720846207699,30.055549636415112,0.8632698075297343,0.000990342464305286,76.62452411651611
81,-60.672171361395655,-57.46720846207699,30.055549636415112,0.8632698075297343,0.0009901003218575136,76.68551230430603
82,-60.710281648027134,-57.46720846207699,30.055549636415112,0.8632698075297343,0.000989855211618016,76.61196899414062
83,-59.676882114816216,-57.46720846207699,30.055549636415112,0.8632698075297343,0.0009896071350712018,76.86742758750916
84,-60.538659684201505,-57.46720846207699,30.055549636415112,0.8632698075297343,0.0009893560937194444,76.57285380363464
85,-60.546905744836685,-57.46720846207699,30.055549636415112,0.8632698075297343,0.0009891020890830764,76.80671048164368
86,-60.70845242764087,-57.46720846207699,30.055549636415112,0.8632698075297343,0.0009888451227003745,76.73773384094238
87,-60.33278354076629,-57.46720846207699,30.055549636415112,0.8632698075297343,0.0009885851961275514,76.78891587257385
88,-60.775104246748256,-57.46720846207699,30.055549636415112,0.8632698075297343,0.000988322310938741,76.52927947044373
89,-60.69401068180166,-57.46720846207699,30.055549636415112,0.8632698075297343,0.0009880564687260076,76.85043239593506
90,-60.67364024710148,-57.76589228597434,30.08310323952758,0.8668357890133898,0.0009877876710993173,200.49915289878845
91,-60.69940211519282,-57.76589228597434,30.08310323952758,0.8668357890133898,0.000987515919686534,68.5067207813263
92,-60.75630943622995,-57.76589228597434,30.08310323952758,0.8668357890133898,0.0009872412161334087,68.31245613098145
93,-60.48770512519999,-57.76589228597434,30.08310323952758,0.8668357890133898,0.0009869635621035746,68.26717853546143
94,-60.896983994828894,-57.76589228597434,30.08310323952758,0.8668357890133898,0.000986682959278523,68.42671990394592
95,-60.88042247041743,-57.76589228597434,30.08310323952758,0.8668357890133898,0.000986399409357623,68.45599484443665
96,-60.720752772879095,-57.76589228597434,30.08310323952758,0.8668357890133898,0.0009861129140580772,68.35032916069031
97,-59.94620085168392,-57.76589228597434,30.08310323952758,0.8668357890133898,0.0009858234751149242,68.29808974266052
98,-60.78079342131919,-57.76589228597434,30.08310323952758,0.8668357890133898,0.000985531094281037,68.34435844421387
99,-60.87020766887259,-57.76589228597434,30.08310323952758,0.8668357890133898,0.0009852357733271025,68.20722031593323
100,-60.87377491403133,-57.76589228597434,30.08310323952758,0.8668357890133898,0.0009849375140416118,68.29549717903137
101,-61.01501261122683,-57.76589228597434,30.08310323952758,0.8668357890133898,0.0009846363182308521,68.30011701583862
102,-61.26031516054843,-57.76589228597434,30.08310323952758,0.8668357890133898,0.0009843321877188937,68.40914845466614
103,-60.982375571068296,-57.76589228597434,30.08310323952758,0.8668357890133898,0.0009840251243475797,68.26476645469666
104,-60.96615129024424,-57.76589228597434,30.08310323952758,0.8668357890133898,0.000983715129976518,68.27778100967407
105,-61.04832431712049,-57.76323038624604,30.066122884989298,0.868627314454752,0.0009834022064830596,193.24437856674194
106,-60.850232112154046,-57.76323038624604,30.066122884989298,0.868627314454752,0.000983086355762301,68.18547177314758
107,-59.72938379328301,-57.76323038624604,30.066122884989298,0.868627314454752,0.0009827675797270657,68.1707534790039
108,-61.04833746565149,-57.76323038624604,30.066122884989298,0.868627314454752,0.0009824458803078917,68.57465076446533
109,-61.22912777028185,-57.76323038624604,30.066122884989298,0.868627314454752,0.0009821212594530225,68.21815729141235
110,-61.31309734912629,-57.76323038624604,30.066122884989298,0.868627314454752,0.0009817937191283883,68.34168314933777
111,-61.157689163532666,-57.76323038624604,30.066122884989298,0.868627314454752,0.00098146326131761,68.24100279808044
112,-61.06237196415029,-57.76323038624604,30.066122884989298,0.868627314454752,0.0009811298880219683,68.25589656829834
113,-61.25295815975108,-57.76323038624604,30.066122884989298,0.868627314454752,0.0009807936012604071,68.22891688346863
114,-60.74547528206034,-57.76323038624604,30.066122884989298,0.868627314454752,0.0009804544030695102,68.23236751556396
115,-61.11574119405544,-57.76323038624604,30.066122884989298,0.868627314454752,0.0009801122955034939,68.25703859329224
116,-60.95888097235497,-57.76323038624604,30.066122884989298,0.868627314454752,0.0009797672806341887,68.69818758964539
117,-61.25347349288616,-57.76323038624604,30.066122884989298,0.868627314454752,0.0009794193605510448,68.25080847740173
118,-61.15775814462215,-57.76323038624604,30.066122884989298,0.868627314454752,0.0009790685373610997,68.19001412391663
119,-61.034700523538795,-57.76323038624604,30.066122884989298,0.868627314454752,0.0009787148131889716,68.25984072685242
120,-61.26138955785873,-58.10313536827456,30.266913182580222,0.8713108869866736,0.0009783581901768464,194.31334614753723
121,-61.16667185844259,-58.10313536827456,30.266913182580222,0.8713108869866736,0.0009779986704844669,68.12065553665161
122,-61.24514966112502,-58.10313536827456,30.266913182580222,0.8713108869866736,0.0009776362562891204,68.18530917167664
123,-60.863325752095975,-58.10313536827456,30.266913182580222,0.8713108869866736,0.000977270949785619,68.24317336082458
124,-61.39226157817435,-58.10313536827456,30.266913182580222,0.8713108869866736,0.000976902753186297,68.23473644256592
125,-61.15354035560121,-58.10313536827456,30.266913182580222,0.8713108869866736,0.0009765316687209953,68.25628018379211
126,-61.28460590281385,-58.10313536827456,30.266913182580222,0.8713108869866736,0.0009761576986370229,68.30390858650208
127,-60.966164260214946,-58.10313536827456,30.266913182580222,0.8713108869866736,0.0009757808451991853,68.25596261024475
128,-61.13900583957104,-58.10313536827456,30.266913182580222,0.8713108869866736,0.0009754011106897402,68.23213696479797
129,-61.44621449734302,-58.10313536827456,30.266913182580222,0.8713108869866736,0.0009750184974084002,68.33066034317017
130,-61.09500233264679,-58.10313536827456,30.266913182580222,0.8713108869866736,0.0009746330076723072,68.33706378936768
131,-61.39171881168447,-58.10313536827456,30.266913182580222,0.8713108869866736,0.0009742446438160215,68.27548694610596
132,-61.32859764099121,-58.10313536827456,30.266913182580222,0.8713108869866736,0.0009738534081915127,68.25793266296387
133,-61.45809749846763,-58.10313536827456,30.266913182580222,0.8713108869866736,0.0009734593031681439,68.23483896255493
134,-61.45499739139638,-58.10313536827456,30.266913182580222,0.8713108869866736,0.0009730623311326516,68.27327466011047
135,-61.40768042219446,-57.96997135533191,30.23755099860201,0.8703004874655402,0.0009726624944891367,193.34509801864624
136,-55.66290703885099,-57.96997135533191,30.23755099860201,0.8703004874655402,0.0009722597956590451,68.22701096534729
137,-61.2930076274466,-57.96997135533191,30.23755099860201,0.8703004874655402,0.0009718542370811619,68.23258781433105
138,-61.54873768420929,-57.96997135533191,30.23755099860201,0.8703004874655402,0.0009714458212115877,68.37755680084229
139,-53.22964304241728,-57.96997135533191,30.23755099860201,0.8703004874655402,0.0009710345505237312,68.26355147361755
140,-58.62201779142339,-57.96997135533191,30.23755099860201,0.8703004874655402,0.0009706204275082852,68.27469277381897
141,-60.84971539923485,-57.96997135533191,30.23755099860201,0.8703004874655402,0.0009702034546732187,68.2328736782074
142,-61.261822396136346,-57.96997135533191,30.23755099860201,0.8703004874655402,0.0009697836345437577,68.25087690353394
143,-61.433792447029276,-57.96997135533191,30.23755099860201,0.8703004874655402,0.0009693609696623758,68.34166693687439
144,-61.6805916725321,-57.96997135533191,30.23755099860201,0.8703004874655402,0.0009689354625887682,68.27979874610901
145,-61.53840464328198,-57.96997135533191,30.23755099860201,0.8703004874655402,0.000968507115899852,68.30116248130798
146,-60.0854964479487,-57.96997135533191,30.23755099860201,0.8703004874655402,0.0009680759321897298,68.27678799629211
147,-61.51604421088036,-57.96997135533191,30.23755099860201,0.8703004874655402,0.0009676419140696958,68.21539115905762
148,-61.232899393933884,-57.96997135533191,30.23755099860201,0.8703004874655402,0.0009672050641682039,68.26187229156494
149,-61.571219618777015,-57.96997135533191,30.23755099860201,0.8703004874655402,0.0009667653851308577,68.32397508621216
150,-61.525184720627806,-57.99128097475399,30.23597229018843,0.8729156693859406,0.0009663228796203971,192.41984295845032
151,-61.64698051290309,-57.99128097475399,30.23597229018843,0.8729156693859406,0.0009658775503166783,68.28238534927368
152,-61.46125931435443,-57.99128097475399,30.23597229018843,0.8729156693859406,0.0009654293999166572,68.19576454162598
153,-61.13812541555851,-57.99128097475399,30.23597229018843,0.8729156693859406,0.000964978431134376,68.23283505439758
154,-49.891382465020136,-57.99128097475399,30.23597229018843,0.8729156693859406,0.0009645246467009446,68.27265453338623
155,-60.064117025821766,-57.99128097475399,30.23597229018843,0.8729156693859406,0.000964068049364526,68.25066542625427
156,-60.85394565501112,-57.99128097475399,30.23597229018843,0.8729156693859406,0.0009636086418903138,68.26229977607727
157,-61.360216530333176,-57.99128097475399,30.23597229018843,0.8729156693859406,0.0009631464270605301,68.25671434402466
158,-61.3726601945593,-57.99128097475399,30.23597229018843,0.8729156693859406,0.0009626814076743878,68.23464465141296
159,-61.554433222019924,-57.99128097475399,30.23597229018843,0.8729156693859406,0.0009622135865480894,68.27651238441467
160,-61.62996960903736,-57.99128097475399,30.23597229018843,0.8729156693859406,0.0009617429665148054,68.2469232082367
161,-61.72895673386594,-57.99128097475399,30.23597229018843,0.8729156693859406,0.0009612695504246555,68.74596524238586
162,-61.70443586795888,-57.99128097475399,30.23597229018843,0.8729156693859406,0.0009607933411446912,68.39411449432373
163,-61.68128067990567,-57.99128097475399,30.23597229018843,0.8729156693859406,0.0009603143415588856,68.26013159751892
164,-61.53929739607141,-57.99128097475399,30.23597229018843,0.8729156693859406,0.0009598325545681033,68.2230327129364
165,-61.58128231129748,-57.956314090371755,30.44054887066075,0.8757130072751594,0.000959347983090091,193.6362280845642
166,-53.24402411643495,-57.956314090371755,30.44054887066075,0.8757130072751594,0.0009588606300594636,68.13698267936707
167,-60.921308663550846,-57.956314090371755,30.44054887066075,0.8757130072751594,0.0009583704984276753,68.22238111495972
168,-61.36078278561856,-57.956314090371755,30.44054887066075,0.8757130072751594,0.0009578775911630094,68.17915272712708
169,-61.214956372849485,-57.956314090371755,30.44054887066075,0.8757130072751594,0.0009573819112505633,68.21858549118042
170,-61.46958722865328,-57.956314090371755,30.44054887066075,0.8757130072751594,0.0009568834616922201,68.29132342338562
171,-59.985249973865265,-57.956314090371755,30.44054887066075,0.8757130072751594,0.0009563822455066379,68.29337501525879
172,-61.51718490275931,-57.956314090371755,30.44054887066075,0.8757130072751594,0.0009558782657292287,68.2648503780365
173,-61.75728515462672,-57.956314090371755,30.44054887066075,0.8757130072751594,0.0009553715254121437,68.29684090614319
174,-61.50724652878782,-57.956314090371755,30.44054887066075,0.8757130072751594,0.000954862027624251,68.62117218971252
175,-61.83208076801706,-57.956314090371755,30.44054887066075,0.8757130072751594,0.0009543497754511158,68.34968304634094
176,-61.63886910296501,-57.956314090371755,30.44054887066075,0.8757130072751594,0.0009538347719949919,68.40845608711243
177,-61.63989667689547,-57.956314090371755,30.44054887066075,0.8757130072751594,0.0009533170203747845,68.42964291572571
178,-61.8897435695567,-57.956314090371755,30.44054887066075,0.8757130072751594,0.0009527965237260471,68.31393241882324
179,-61.48603238856539,-57.956314090371755,30.44054887066075,0.8757130072751594,0.00095227328520096,68.28521752357483
180,-61.45990504001049,-57.76343499487715,30.235729244885842,0.8743419658874685,0.0009517473079683045,192.72283911705017
181,-59.579328386327056,-57.76343499487715,30.235729244885842,0.8743419658874685,0.0009512185952134486,68.14883780479431
182,-59.16307674164468,-57.76343499487715,30.235729244885842,0.8743419658874685,0.0009506871501383308,68.23959541320801
183,-61.5658478189022,-57.76343499487715,30.235729244885842,0.8743419658874685,0.000950152975961429,68.25166130065918
184,-61.8115646605796,-57.76343499487715,30.235729244885842,0.8743419658874685,0.0009496160759177556,68.25744032859802
185,-61.881830637505715,-57.76343499487715,30.235729244885842,0.8743419658874685,0.000949076453258829,68.1634681224823
186,-61.614713011396695,-57.76343499487715,30.235729244885842,0.8743419658874685,0.0009485341112526513,68.21302914619446
187,-61.85268871226209,-57.76343499487715,30.235729244885842,0.8743419658874685,0.0009479890531837031,68.34327149391174
188,-61.83627827421148,-57.76343499487715,30.235729244885842,0.8743419658874685,0.000947441282352908,68.31459546089172
189,-54.77680588377283,-57.76343499487715,30.235729244885842,0.8743419658874685,0.0009468908020776173,68.22835302352905
190,-60.69723399547821,-57.76343499487715,30.235729244885842,0.8743419658874685,0.0009463376156915917,68.23529243469238
191,-61.54643824151222,-57.76343499487715,30.235729244885842,0.8743419658874685,0.0009457817265449819,68.31027603149414
192,-61.85837342282559,-57.76343499487715,30.235729244885842,0.8743419658874685,0.0009452231380043041,68.26991724967957
193,-61.83717984950289,-57.76343499487715,30.235729244885842,0.8743419658874685,0.000944661853452427,68.22430229187012
194,-61.793855569717735,-57.76343499487715,30.235729244885842,0.8743419658874685,0.0009440978762885412,68.1934962272644
195,-61.80462704922291,-58.27628359199245,30.37994532818936,0.873891744103157,0.0009435312099281472,192.78891229629517
196,-61.81002472410811,-58.27628359199245,30.37994532818936,0.873891744103157,0.0009429618578030328,68.4603226184845
197,-61.86505659387467,-58.27628359199245,30.37994532818936,0.873891744103157,0.0009423898233612446,68.25730752944946
198,-61.60581172374969,-58.27628359199245,30.37994532818936,0.873891744103157,0.0009418151100670815,68.31859111785889
199,-57.36940177755153,-58.27628359199245,30.37994532818936,0.873891744103157,0.0009412377214010609,68.26316928863525
200,-61.76951066686752,-58.27628359199245,30.37994532818936,0.873891744103157,0.0009406576608599048,68.23932886123657
201,-61.803362387799204,-58.27628359199245,30.37994532818936,0.873891744103157,0.0009400749319565146,68.23389530181885
202,-50.24140045110216,-58.27628359199245,30.37994532818936,0.873891744103157,0.0009394895382199521,68.28635215759277
203,-60.950901323683716,-58.27628359199245,30.37994532818936,0.873891744103157,0.0009389014831954195,68.25606060028076
204,-61.865248254004946,-58.27628359199245,30.37994532818936,0.873891744103157,0.0009383107704442325,68.2272641658783
205,-61.98901859851593,-58.27628359199245,30.37994532818936,0.873891744103157,0.0009377174035438053,68.27962040901184
206,-61.833551731515435,-58.27628359199245,30.37994532818936,0.873891744103157,0.0009371213860876249,68.33485531806946
207,-61.659788845955056,-58.27628359199245,30.37994532818936,0.873891744103157,0.0009365227216852304,68.25664258003235
208,-61.916193511638234,-58.27628359199245,30.37994532818936,0.873891744103157,0.0009359214139621905,68.25379705429077
209,-61.103178081106634,-58.27628359199245,30.37994532818936,0.873891744103157,0.0009353174665600831,68.27942848205566
210,-61.708952323426594,-58.09323606106421,30.242615886565392,0.8730594785168595,0.0009347108831364694,191.67926692962646
211,-61.85548309975482,-58.09323606106421,30.242615886565392,0.8730594785168595,0.0009341016673648777,68.20716834068298
212,-61.800208769453334,-58.09323606106421,30.242615886565392,0.8730594785168595,0.0009334898229347767,68.21157574653625
213,-61.84684578104222,-58.09323606106421,30.242615886565392,0.8730594785168595,0.000932875353551557,68.30497980117798
214,-61.79085814293395,-58.09323606106421,30.242615886565392,0.8730594785168595,0.0009322582629365028,68.28505373001099
215,-54.88010788065322,-58.09323606106421,30.242615886565392,0.8730594785168595,0.0009316385548267723,68.1898729801178
216,-61.509016483388045,-58.09323606106421,30.242615886565392,0.8730594785168595,0.0009310162329753799,68.29903364181519
217,-61.93022413862513,-58.09323606106421,30.242615886565392,0.8730594785168595,0.0009303913011511664,68.29682564735413
218,-60.08673889484811,-58.09323606106421,30.242615886565392,0.8730594785168595,0.0009297637631387781,68.26065945625305
219,-60.90445447881171,-58.09323606106421,30.242615886565392,0.8730594785168595,0.000929133622738644,68.18526911735535
220,-61.74687007335906,-58.09323606106421,30.242615886565392,0.8730594785168595,0.0009285008837669556,68.31683540344238
221,-62.03751283199229,-58.09323606106421,30.242615886565392,0.8730594785168595,0.0009278655500556432,68.24439525604248
222,-62.0478356057025,-58.09323606106421,30.242615886565392,0.8730594785168595,0.000927227625452342,68.28193545341492
223,-61.9084400501657,-58.09323606106421,30.242615886565392,0.8730594785168595,0.0009265871138203942,68.2410318851471
224,-61.98019341813757,-58.09323606106421,30.242615886565392,0.8730594785168595,0.0009259440190387935,68.47789692878723
225,-62.126750239920106,-58.33613265444031,30.44784665481938,0.8764104398801913,0.0009252983450021838,192.55071568489075
226,-60.84047655957811,-58.33613265444031,30.44784665481938,0.8764104398801913,0.0009246500956208287,68.28562569618225
227,-60.91762776476271,-58.33613265444031,30.44784665481938,0.8764104398801913,0.0009239992748205915,68.25163745880127
228,-61.834236080088516,-58.33613265444031,30.44784665481938,0.8764104398801913,0.0009233458865429017,68.21121573448181
229,-61.997591684219685,-58.33613265444031,30.44784665481938,0.8764104398801913,0.0009226899347447426,68.2560601234436
230,-61.96865869887332,-58.33613265444031,30.44784665481938,0.8764104398801913,0.0009220314233986241,68.27741265296936
231,-61.49669917492157,-58.33613265444031,30.44784665481938,0.8764104398801913,0.0009213703564925501,68.1794786453247
232,-61.87838187522077,-58.33613265444031,30.44784665481938,0.8764104398801913,0.0009207067380300077,68.27627301216125
233,-61.89906891356123,-58.33613265444031,30.44784665481938,0.8764104398801913,0.0009200405720299343,68.2644317150116
234,-62.152076185510516,-58.33613265444031,30.44784665481938,0.8764104398801913,0.0009193718625266912,68.26554775238037
235,-62.00583573199333,-58.33613265444031,30.44784665481938,0.8764104398801913,0.0009187006135700499,68.1694598197937
236,-62.00053507216433,-58.33613265444031,30.44784665481938,0.8764104398801913,0.0009180268292251582,68.28919577598572
237,-61.899783868992586,-58.33613265444031,30.44784665481938,0.8764104398801913,0.0009173505135725189,68.27573037147522
238,-61.840266280478616,-58.33613265444031,30.44784665481938,0.8764104398801913,0.0009166716707079654,68.20711588859558
239,-62.061747749815595,-58.33613265444031,30.44784665481938,0.8764104398801913,0.0009159903047426327,68.21029996871948
240,-62.09370295747797,-58.257379685727585,30.40542487089201,0.8743811121335814,0.0009153064198029405,191.4105532169342
241,-62.02866236098269,-58.257379685727585,30.40542487089201,0.8743811121335814,0.0009146200200305622,68.197913646698
242,-59.514358479925924,-58.257379685727585,30.40542487089201,0.8743811121335814,0.0009139311095823982,68.18909287452698
243,-61.740544266396384,-58.257379685727585,30.40542487089201,0.8743811121335814,0.0009132396926305579,68.30485558509827
244,-62.141421744164,-58.257379685727585,30.40542487089201,0.8743811121335814,0.000912545773362327,68.22639203071594
245,-62.09621739488967,-58.257379685727585,30.40542487089201,0.8743811121335814,0.0009118493559801487,68.21037220954895
246,-62.15526592173475,-58.257379685727585,30.40542487089201,0.8743811121335814,0.0009111504447015923,68.26592350006104
247,-62.149745243153674,-58.257379685727585,30.40542487089201,0.8743811121335814,0.0009104490437593327,68.26436400413513
248,-61.98683015539291,-58.257379685727585,30.40542487089201,0.8743811121335814,0.0009097451574011216,68.26259803771973
249,-62.06411817834732,-58.257379685727585,30.40542487089201,0.8743811121335814,0.0009090387898897593,68.20773553848267
250,-62.106827382838475,-58.257379685727585,30.40542487089201,0.8743811121335814,0.0009083299455030785,68.22490549087524
251,-62.04400825500488,-58.257379685727585,30.40542487089201,0.8743811121335814,0.0009076186285339075,68.30414533615112
252,-62.11158926131878,-58.257379685727585,30.40542487089201,0.8743811121335814,0.000906904843290051,68.29973936080933
253,-61.85153702269209,-58.257379685727585,30.40542487089201,0.8743811121335814,0.0009061885940942584,68.22119235992432
254,-60.26998762577138,-58.257379685727585,30.40542487089201,0.8743811121335814,0.0009054698852842045,68.23135256767273
255,-61.723162500909034,-58.078090973730234,30.348718735684507,0.8736301081222578,0.0009047487212124587,192.25567626953125
256,-61.85167470891425,-58.078090973730234,30.348718735684507,0.8736301081222578,0.0009040251062464588,68.24231719970703
257,-62.09446454961249,-58.078090973730234,30.348718735684507,0.8736301081222578,0.0009032990447684904,68.24647498130798
258,-62.199558363569544,-58.078090973730234,30.348718735684507,0.8736301081222578,0.0009025705411756481,68.24049496650696
259,-62.03413746610601,-58.078090973730234,30.348718735684507,0.8736301081222578,0.0009018395998798205,68.20598220825195
260,-62.15840717072182,-58.078090973730234,30.348718735684507,0.8736301081222578,0.000901106225307656,68.22144508361816
261,-60.007170173969676,-58.078090973730234,30.348718735684507,0.8736301081222578,0.000900370421900545,68.34482932090759
262,-61.956151239922704,-58.078090973730234,30.348718735684507,0.8736301081222578,0.0008996321941145798,68.29074430465698
263,-62.2716783726469,-58.078090973730234,30.348718735684507,0.8736301081222578,0.0008988915464205409,68.24535131454468
264,-62.27084970677153,-58.078090973730234,30.348718735684507,0.8736301081222578,0.0008981484833038613,68.197185754776
265,-62.184428868395216,-58.078090973730234,30.348718735684507,0.8736301081222578,0.0008974030092646035,68.21210741996765
266,-62.14113462732193,-58.078090973730234,30.348718735684507,0.8736301081222578,0.0008966551288174311,68.22030448913574
267,-62.24869240294112,-58.078090973730234,30.348718735684507,0.8736301081222578,0.0008959048464915764,68.25690078735352
268,-62.162304995922334,-58.078090973730234,30.348718735684507,0.8736301081222578,0.0008951521668308215,68.33068466186523
269,-62.254416477933844,-58.078090973730234,30.348718735684507,0.8736301081222578,0.0008943970943934668,68.17735147476196
270,-62.16118598288678,-58.509417101230966,30.502996615296798,0.8777448135701851,0.0008936396337523028,193.63141465187073
271,-62.364608431876974,-58.509417101230966,30.502996615296798,0.8777448135701851,0.0008928797894945864,68.15343379974365
272,-62.25901756286621,-58.509417101230966,30.502996615296798,0.8777448135701851,0.0008921175662220065,68.2634859085083
273,-62.241901202912025,-58.509417101230966,30.502996615296798,0.8777448135701851,0.0008913529685506574,68.25789189338684
274,-62.08118693574946,-58.509417101230966,30.502996615296798,0.8777448135701851,0.0008905860011110188,68.21919584274292
275,-62.289315317032184,-58.509417101230966,30.502996615296798,0.8777448135701851,0.0008898166685479188,68.424729347229
276,-62.468566821483854,-58.509417101230966,30.502996615296798,0.8777448135701851,0.0008890449755205068,68.20661330223083
277,-62.308460057035404,-58.509417101230966,30.502996615296798,0.8777448135701851,0.0008882709267022329,68.27973365783691
278,-59.862118022999866,-58.509417101230966,30.502996615296798,0.8777448135701851,0.0008874945267808085,68.29820942878723
279,-62.282001568408724,-58.509417101230966,30.502996615296798,0.8777448135701851,0.0008867157804581876,68.27586364746094
280,-59.95125023963604,-58.509417101230966,30.502996615296798,0.8777448135701851,0.0008859346924505317,68.21473813056946
281,-62.22348948539572,-58.509417101230966,30.502996615296798,0.8777448135701851,0.0008851512674881853,68.29199051856995
282,-62.43335713325663,-58.509417101230966,30.502996615296798,0.8777448135701851,0.0008843655103156445,68.30306673049927
283,-62.367171413340465,-58.509417101230966,30.502996615296798,0.8777448135701851,0.0008835774256915326,68.27636981010437
284,-62.393578711976396,-58.509417101230966,30.502996615296798,0.8777448135701851,0.0008827870183885598,68.19824624061584
285,-62.50427615388911,-58.348774155548256,30.385541735827715,0.8739904215565273,0.0008819942931935129,193.22986149787903
286,-62.35058004501018,-58.348774155548256,30.385541735827715,0.8739904215565273,0.000881199254907211,68.24849009513855
287,-62.57187181026377,-58.348774155548256,30.385541735827715,0.8739904215565273,0.0008804019083444833,68.18377733230591
288,-62.388445850128825,-58.348774155548256,30.385541735827715,0.8739904215565273,0.0008796022583341342,68.54625964164734
289,-62.40495864381182,-58.348774155548256,30.385541735827715,0.8739904215565273,0.0008788003097189223,68.19405579566956
290,-62.10351994291265,-58.348774155548256,30.385541735827715,0.8739904215565273,0.0008779960673555267,68.22347688674927
291,-59.08912931731407,-58.348774155548256,30.385541735827715,0.8739904215565273,0.0008771895361145141,68.40172457695007
292,-61.91700159438113,-58.348774155548256,30.385541735827715,0.8739904215565273,0.0008763807208803151,68.32996082305908
293,-62.41575875789561,-58.348774155548256,30.385541735827715,0.8739904215565273,0.0008755696265511949,68.23708200454712
294,-62.41031098873057,-58.348774155548256,30.385541735827715,0.8739904215565273,0.0008747562580392138,68.26923823356628
295,-62.42538243557544,-58.348774155548256,30.385541735827715,0.8739904215565273,0.0008739406202702152,68.38430380821228
296,-62.09984070798184,-58.348774155548256,30.385541735827715,0.8739904215565273,0.0008731227181837767,68.24644064903259
297,-62.456253782231755,-58.348774155548256,30.385541735827715,0.8739904215565273,0.0008723025567331902,68.24562215805054
298,-62.552168200878384,-58.348774155548256,30.385541735827715,0.8739904215565273,0.0008714801408854332,68.20475482940674
299,-62.55230316811419,-58.348774155548256,30.385541735827715,0.8739904215565273,0.0008706554756211335,68.20954036712646
300,-62.35439591915049,-58.580922652339005,30.586064569361273,0.8772616449938933,0.0008698285659345476,193.8684949874878
301,-62.49636391984655,-58.580922652339005,30.586064569361273,0.8772616449938933,0.0008689994168335162,68.23321223258972
302,-62.52945939733627,-58.580922652339005,30.586064569361273,0.8772616449938933,0.0008681680333394478,68.56584787368774
303,-62.3526161437339,-58.580922652339005,30.586064569361273,0.8772616449938933,0.0008673344204872784,68.20137000083923
304,-62.42129829082083,-58.580922652339005,30.586064569361273,0.8772616449938933,0.0008664985833254498,68.29620313644409
305,-62.568193882069686,-58.580922652339005,30.586064569361273,0.8772616449938933,0.0008656605269158689,68.28053545951843
306,-62.65418919502421,-58.580922652339005,30.586064569361273,0.8772616449938933,0.0008648202563338858,68.19547438621521
307,-62.41510389612076,-58.580922652339005,30.586064569361273,0.8772616449938933,0.0008639777766682613,68.17076349258423
308,-62.28767902293104,-58.580922652339005,30.586064569361273,0.8772616449938933,0.0008631330930211355,68.26508212089539
309,-62.645777560294945,-58.580922652339005,30.586064569361273,0.8772616449938933,0.0008622862105079893,68.2387752532959
310,-62.657304317393205,-58.580922652339005,30.586064569361273,0.8772616449938933,0.0008614371342576248,68.25290060043335
311,-62.63303936085802,-58.580922652339005,30.586064569361273,0.8772616449938933,0.0008605858694121313,68.25275921821594
312,-62.52566421184134,-58.580922652339005,30.586064569361273,0.8772616449938933,0.000859732421126849,68.20286798477173
313,-62.6503763726417,-58.580922652339005,30.586064569361273,0.8772616449938933,0.0008588767945703436,68.28584504127502
314,-62.58861361564474,-58.580922652339005,30.586064569361273,0.8772616449938933,0.0008580189949243711,68.27967143058777
315,-62.56160111122943,-58.59208084454808,30.539129544066384,0.8774484336112811,0.0008571590273838496,193.70917630195618
316,-61.56737480975212,-58.59208084454808,30.539129544066384,0.8774484336112811,0.0008562968971568218,68.21078705787659
317,-62.55882412524934,-58.59208084454808,30.539129544066384,0.8774484336112811,0.0008554326094644335,68.24547362327576
318,-62.64369914278071,-58.59208084454808,30.539129544066384,0.8774484336112811,0.0008545661695408918,68.2444498538971
319,-62.77916321450091,-58.59208084454808,30.539129544066384,0.8774484336112811,0.0008536975826334425,68.26521396636963
320,-62.735942134451356,-58.59208084454808,30.539129544066384,0.8774484336112811,0.0008528268540023285,68.17169141769409
321,-62.64430766815835,-58.59208084454808,30.539129544066384,0.8774484336112811,0.0008519539889207658,68.2100338935852
322,-62.63952429751132,-58.59208084454808,30.539129544066384,0.8774484336112811,0.0008510789926749129,68.20059585571289
323,-62.431552351282,-58.59208084454808,30.539129544066384,0.8774484336112811,0.0008502018705638277,68.2289924621582
324,-62.54416605360964,-58.59208084454808,30.539129544066384,0.8774484336112811,0.0008493226278994475,68.31522560119629
325,-62.757461336825756,-58.59208084454808,30.539129544066384,0.8774484336112811,0.0008484412700065474,68.17798924446106
326,-62.561371393406645,-58.59208084454808,30.539129544066384,0.8774484336112811,0.0008475578022227179,68.24001216888428
327,-62.70707600370366,-58.59208084454808,30.539129544066384,0.8774484336112811,0.0008466722298983246,68.19274044036865
328,-62.7675535323772,-58.59208084454808,30.539129544066384,0.8774484336112811,0.0008457845583964761,68.16955709457397
329,-62.74900209142807,-58.59208084454808,30.539129544066384,0.8774484336112811,0.0008448947930929986,68.24463367462158
330,-62.86798695503397,-58.83493743406357,30.644379830040315,0.8806300983807916,0.0008440029393763957,192.9172990322113
331,-59.57194543797919,-58.83493743406357,30.644379830040315,0.8806300983807916,0.0008431090026478189,68.17973399162292
332,-62.234676352967604,-58.83493743406357,30.644379830040315,0.8806300983807916,0.0008422129883210346,68.23877215385437
333,-62.673162841796874,-58.83493743406357,30.644379830040315,0.8806300983807916,0.0008413149018223897,68.16950607299805
334,-62.664256773603725,-58.83493743406357,30.644379830040315,0.8806300983807916,0.0008404147485907827,68.22203373908997
335,-62.731106510568175,-58.83493743406357,30.644379830040315,0.8806300983807916,0.0008395125340776306,68.27881741523743
336,-62.75654509524082,-58.83493743406357,30.644379830040315,0.8806300983807916,0.0008386082637468279,68.39341330528259
337,-62.53728161263973,-58.83493743406357,30.644379830040315,0.8806300983807916,0.0008377019430747236,68.20535373687744
338,-62.905491483972426,-58.83493743406357,30.644379830040315,0.8806300983807916,0.0008367935775500838,68.16720128059387
339,-62.391387890754864,-58.83493743406357,30.644379830040315,0.8806300983807916,0.0008358831726740552,68.30382680892944
340,-62.71406599815855,-58.83493743406357,30.644379830040315,0.8806300983807916,0.0008349707339601369,68.31350612640381
341,-62.49817124224724,-58.83493743406357,30.644379830040315,0.8806300983807916,0.0008340562669341453,68.22354340553284
342,-62.748188367803046,-58.83493743406357,30.644379830040315,0.8806300983807916,0.0008331397771341843,68.30124831199646
343,-62.51284003562115,-58.83493743406357,30.644379830040315,0.8806300983807916,0.0008322212701105996,68.23999762535095
344,-62.639695650465946,-58.83493743406357,30.644379830040315,0.8806300983807916,0.0008313007514259583,68.2270154953003
345,-62.71032006284024,-59.10742721043286,30.70317058892765,0.8809639799055966,0.0008303782266550108,192.93912839889526
346,-62.82507017419693,-59.10742721043286,30.70317058892765,0.8809639799055966,0.0008294537013846558,68.13704204559326
347,-62.96563047043821,-59.10742721043286,30.70317058892765,0.8809639799055966,0.000828527181213905,68.29686760902405
348,-62.92271908699198,-59.10742721043286,30.70317058892765,0.8809639799055966,0.0008275986717538563,68.24052047729492
349,-62.9556564574546,-59.10742721043286,30.70317058892765,0.8809639799055966,0.0008266681786276505,68.19678044319153
350,-62.94471693647669,-59.10742721043286,30.70317058892765,0.8809639799055966,0.0008257357074704421,68.2507553100586
351,-62.710577303297974,-59.10742721043286,30.70317058892765,0.8809639799055966,0.0008248012639293688,68.21068859100342
352,-62.763085637194045,-59.10742721043286,30.70317058892765,0.8809639799055966,0.0008238648536635062,68.23095965385437
353,-62.78175180313435,-59.10742721043286,30.70317058892765,0.8809639799055966,0.000822926482343847,68.28399896621704
354,-62.88666394010503,-59.10742721043286,30.70317058892765,0.8809639799055966,0.0008219861556532581,68.25881218910217
355,-62.92360104499979,-59.10742721043286,30.70317058892765,0.8809639799055966,0.0008210438792864479,68.19712209701538
356,-62.780930726071624,-59.10742721043286,30.70317058892765,0.8809639799055966,0.0008200996589499334,68.20322036743164
357,-62.93334209360975,-59.10742721043286,30.70317058892765,0.8809639799055966,0.0008191535003620005,68.16735672950745
358,-63.037956367655006,-59.10742721043286,30.70317058892765,0.8809639799055966,0.0008182054092526792,68.25871968269348
359,-62.09189813492146,-59.10742721043286,30.70317058892765,0.8809639799055966,0.0008172553913636985,68.46653532981873
360,-62.65905600202844,-58.80906232370964,30.684674537613528,0.8807825923773023,0.0008163034524484581,194.25554156303406
361,-63.008572550022855,-58.80906232370964,30.684674537613528,0.8807825923773023,0.0008153495982719925,68.21266198158264
362,-62.83323182450964,-58.80906232370964,30.684674537613528,0.8807825923773023,0.0008143938346109346,68.23384952545166
363,-62.927032470703125,-58.80906232370964,30.684674537613528,0.8807825923773023,0.0008134361672534775,68.38555335998535
364,-63.059294079719706,-58.80906232370964,30.684674537613528,0.8807825923773023,0.0008124766019993479,68.19528269767761
365,-63.08811084666151,-58.80906232370964,30.684674537613528,0.8807825923773023,0.0008115151446597654,68.2451229095459
366,-62.8598345330421,-58.80906232370964,30.684674537613528,0.8807825923773023,0.0008105518010574083,68.26706409454346
367,-62.978087047820395,-58.80906232370964,30.684674537613528,0.8807825923773023,0.0008095865770263767,68.22207450866699
368,-63.080160392598906,-58.80906232370964,30.684674537613528,0.8807825923773023,0.0008086194784121615,68.21095061302185
369,-62.952197939284304,-58.80906232370964,30.684674537613528,0.8807825923773023,0.0008076505110716051,68.25222373008728
370,-63.004668158673226,-58.80906232370964,30.684674537613528,0.8807825923773023,0.000806679680872863,68.26853656768799
371,-61.8731964517147,-58.80906232370964,30.684674537613528,0.8807825923773023,0.0008057069936953769,68.2862696647644
372,-62.5646650679568,-58.80906232370964,30.684674537613528,0.8807825923773023,0.0008047324554298343,68.38811731338501
373,-62.82019652508675,-58.80906232370964,30.684674537613528,0.8807825923773023,0.000803756071978134,68.24708938598633
374,-62.88574805564069,-58.80906232370964,30.684674537613528,0.8807825923773023,0.0008027778492533459,68.27360320091248
375,-60.179892908258644,-58.66282768647146,30.57281000292984,0.8785658243313098,0.0008017977931796814,193.08089303970337
376,-62.65295373632553,-58.66282768647146,30.57281000292984,0.8785658243313098,0.0008008159096924558,68.24264812469482
377,-62.968810921526966,-58.66282768647146,30.57281000292984,0.8785658243313098,0.0007998322047380483,68.31720519065857
378,-62.902017211914064,-58.66282768647146,30.57281000292984,0.8785658243313098,0.0007988466842738674,68.22434329986572
379,-63.031683942104905,-58.66282768647146,30.57281000292984,0.8785658243313098,0.0007978593542683231,68.24695539474487
380,-63.10728502476469,-58.66282768647146,30.57281000292984,0.8785658243313098,0.0007968702207007796,68.19256234169006
381,-63.193641605783014,-58.66282768647146,30.57281000292984,0.8785658243313098,0.0007958792895615235,68.29702425003052
382,-63.169298285626354,-58.66282768647146,30.57281000292984,0.8785658243313098,0.0007948865668517303,68.26666927337646
383,-63.025898872537816,-58.66282768647146,30.57281000292984,0.8785658243313098,0.0007938920585834227,68.22321248054504
384,-62.97059288024902,-58.66282768647146,30.57281000292984,0.8785658243313098,0.0007928957707794383,68.17047691345215
385,-63.10768703704185,-58.66282768647146,30.57281000292984,0.8785658243313098,0.0007918977094733928,68.23199415206909
386,-63.06200848843189,-58.66282768647146,30.57281000292984,0.8785658243313098,0.0007908978807096395,68.27166533470154
387,-62.92419701434196,-58.66282768647146,30.57281000292984,0.8785658243313098,0.0007898962905432401,68.28080487251282
388,-63.0198522932986,-58.66282768647146,30.57281000292984,0.8785658243313098,0.0007888929450399174,68.20942854881287
389,-63.06912343451317,-58.66282768647146,30.57281000292984,0.8785658243313098,0.0007878878502760284,68.33942770957947
390,-62.8467593984401,-58.6476524620134,30.643445668987514,0.8814041346662741,0.000786881012338526,190.82293462753296
391,-60.86279117908884,-58.6476524620134,30.643445668987514,0.8814041346662741,0.0007858724373249131,68.3520073890686
392,-62.76731521119463,-58.6476524620134,30.643445668987514,0.8814041346662741,0.0007848621313432211,68.2152726650238
393,-62.764455348887346,-58.6476524620134,30.643445668987514,0.8814041346662741,0.0007838501005119564,68.2666437625885
394,-62.90956778019033,-58.6476524620134,30.643445668987514,0.8814041346662741,0.0007828363509600768,68.21720743179321
395,-62.08072118556246,-58.6476524620134,30.643445668987514,0.8814041346662741,0.0007818208888269471,68.17970418930054
396,-61.715708866525205,-58.6476524620134,30.643445668987514,0.8814041346662741,0.0007808037202623006,68.27262473106384
397,-62.796227727037795,-58.6476524620134,30.643445668987514,0.8814041346662741,0.0007797848514262094,68.27547144889832
398,-62.917282047677546,-58.6476524620134,30.643445668987514,0.8814041346662741,0.0007787642884890415,68.27316951751709
399,-63.04651710023271,-58.6476524620134,30.643445668987514,0.8814041346662741,0.0007777420376314227,68.16665482521057
400,-63.022630991834276,-58.6476524620134,30.643445668987514,0.8814041346662741,0.0007767181050442027,68.32179474830627
401,-62.774408754389334,-58.6476524620134,30.643445668987514,0.8814041346662741,0.0007756924969284161,68.29781460762024
402,-62.573033848214656,-58.6476524620134,30.643445668987514,0.8814041346662741,0.0007746652194952424,68.27812170982361
403,-63.1061986476817,-58.6476524620134,30.643445668987514,0.8814041346662741,0.0007736362789659721,68.27679777145386
404,-63.12620573652551,-58.6476524620134,30.643445668987514,0.8814041346662741,0.000772605681571972,68.1761224269867
405,-63.25058318604814,-58.96582926121964,30.63995862215801,0.8783190817420861,0.0007715734335546336,192.2812478542328
406,-63.140483279938394,-58.96582926121964,30.63995862215801,0.8783190817420861,0.0007705395411653526,68.23177409172058
407,-62.956717746815784,-58.96582926121964,30.63995862215801,0.8783190817420861,0.0007695040106654774,68.2499086856842
408,-62.87824807674327,-58.96582926121964,30.63995862215801,0.8783190817420861,0.0007684668483262843,68.44542932510376
409,-63.01882936193588,-58.96582926121964,30.63995862215801,0.8783190817420861,0.000767428060428924,68.34164905548096
410,-63.16222184363832,-58.96582926121964,30.63995862215801,0.8783190817420861,0.0007663876532643962,68.27435302734375
411,-63.192982937427274,-58.96582926121964,30.63995862215801,0.8783190817420861,0.0007653456331335089,68.25116896629333
412,-63.22265331187147,-58.96582926121964,30.63995862215801,0.8783190817420861,0.0007643020063468341,68.20873475074768
413,-63.18606322268222,-58.96582926121964,30.63995862215801,0.8783190817420861,0.0007632567792246775,68.20442461967468
414,-63.06359757768347,-58.96582926121964,30.63995862215801,0.8783190817420861,0.0007622099580970315,68.27836990356445
415,-63.222585767380735,-58.96582926121964,30.63995862215801,0.8783190817420861,0.0007611615493035467,68.18716096878052
416,-63.099998125116876,-58.96582926121964,30.63995862215801,0.8783190817420861,0.0007601115591934891,68.25055193901062
417,-63.20032131113905,-58.96582926121964,30.63995862215801,0.8783190817420861,0.0007590599941256955,68.26892518997192
418,-63.208379810414414,-58.96582926121964,30.63995862215801,0.8783190817420861,0.0007580068604685503,68.27352213859558
419,-63.110630287008085,-58.96582926121964,30.63995862215801,0.8783190817420861,0.0007569521645999252,68.2375111579895
420,-63.09383935319617,-59.017479756725045,30.723895127114943,0.8807088743879253,0.0007558959129071656,193.6954312324524
421,-63.25532538231383,-59.017479756725045,30.723895127114943,0.8807088743879253,0.0007548381117870288,68.24481177330017
422,-63.37107132444991,-59.017479756725045,30.723895127114943,0.8807088743879253,0.0007537787676456625,68.28764724731445
423,-63.418809647255756,-59.017479756725045,30.723895127114943,0.8807088743879253,0.0007527178868985567,68.32397627830505
424,-62.976075460555705,-59.017479756725045,30.723895127114943,0.8807088743879253,0.0007516554759705013,68.49746513366699
425,-63.24900996431391,-59.017479756725045,30.723895127114943,0.8807088743879253,0.0007505915412955636,68.20088410377502
426,-63.356417903494325,-59.017479756725045,30.723895127114943,0.8807088743879253,0.0007495260893170352,68.20613694190979
427,-63.01889125742811,-59.017479756725045,30.723895127114943,0.8807088743879253,0.0007484591264873935,68.31741452217102
428,-62.57687437179241,-59.017479756725045,30.723895127114943,0.8807088743879253,0.0007473906592682666,68.29852104187012
429,-63.33346584401232,-59.017479756725045,30.723895127114943,0.8807088743879253,0.0007463206941303965,68.27704977989197
430,-63.35514004484136,-59.017479756725045,30.723895127114943,0.8807088743879253,0.0007452492375535928,68.24215292930603
431,-63.205725397962205,-59.017479756725045,30.723895127114943,0.8807088743879253,0.0007441762960267003,68.2787733078003
432,-63.206596902076235,-59.017479756725045,30.723895127114943,0.8807088743879253,0.000743101876047557,68.2688262462616
433,-63.32302262326505,-59.017479756725045,30.723895127114943,0.8807088743879253,0.0007420259841229507,68.199786901474
434,-63.21449572786372,-59.017479756725045,30.723895127114943,0.8807088743879253,0.0007409486267685866,68.28260016441345
435,-63.23135061872767,-59.11123144321368,30.73680671093016,0.8800751026808445,0.0007398698105090441,192.933087348938
436,-63.316740514877,-59.11123144321368,30.73680671093016,0.8800751026808445,0.0007387895418777396,68.28860902786255
437,-63.163572262703106,-59.11123144321368,30.73680671093016,0.8800751026808445,0.0007377078274168807,68.26560711860657
438,-63.31773884550054,-59.11123144321368,30.73680671093016,0.8800751026808445,0.0007366246736774378,68.18359136581421
439,-63.308366410275724,-59.11123144321368,30.73680671093016,0.8800751026808445,0.0007355400872190903,68.29787516593933
440,-63.28392544198543,-59.11123144321368,30.73680671093016,0.8800751026808445,0.0007344540746102003,68.24074077606201
441,-63.42802927544776,-59.11123144321368,30.73680671093016,0.8800751026808445,0.0007333666424277605,68.23509812355042
442,-63.25026854657112,-59.11123144321368,30.73680671093016,0.8800751026808445,0.0007322777972573666,68.19872450828552
443,-63.45640883750104,-59.11123144321368,30.73680671093016,0.8800751026808445,0.0007311875456931728,68.30156755447388
444,-63.318623563076585,-59.11123144321368,30.73680671093016,0.8800751026808445,0.0007300958943378435,68.29607105255127
445,-63.084648424513794,-59.11123144321368,30.73680671093016,0.8800751026808445,0.0007290028498025234,68.23180365562439
446,-63.28140920273801,-59.11123144321368,30.73680671093016,0.8800751026808445,0.0007279084187067959,68.59075117111206
447,-63.495371717087764,-59.11123144321368,30.73680671093016,0.8800751026808445,0.0007268126076786426,68.22253561019897
448,-63.452797155177336,-59.11123144321368,30.73680671093016,0.8800751026808445,0.0007257154233543959,68.1904227733612
449,-63.28210417564879,-59.11123144321368,30.73680671093016,0.8800751026808445,0.0007246168723787111,68.23583459854126
450,-63.32102804792688,-59.20139684294617,30.76394325791683,0.883340075272662,0.0007235169614045197,192.79086995124817
451,-63.426923743714674,-59.20139684294617,30.76394325791683,0.883340075272662,0.0007224156970929877,68.13533926010132
452,-63.362415281255196,-59.20139684294617,30.76394325791683,0.883340075272662,0.0007213130861134764,68.3462142944336
453,-63.467979658410904,-59.20139684294617,30.76394325791683,0.883340075272662,0.0007202091351435038,68.29798650741577
454,-63.44926040324759,-59.20139684294617,30.76394325791683,0.883340075272662,0.0007191038508687039,68.29697847366333
455,-63.28556700361536,-59.20139684294617,30.76394325791683,0.883340075272662,0.0007179972399827827,68.19986057281494
456,-63.51913112883872,-59.20139684294617,30.76394325791683,0.883340075272662,0.0007168893091874819,68.21720933914185
457,-63.49097220238219,-59.20139684294617,30.76394325791683,0.883340075272662,0.0007157800651925362,68.27958822250366
458,-63.40119210912826,-59.20139684294617,30.76394325791683,0.883340075272662,0.0007146695147156367,68.26425337791443
459,-63.39557940706294,-59.20139684294617,30.76394325791683,0.883340075272662,0.0007135576644823798,68.27664065361023
460,-63.57910603462381,-59.20139684294617,30.76394325791683,0.883340075272662,0.00071244452122624,68.28963994979858
461,-63.469527378488095,-59.20139684294617,30.76394325791683,0.883340075272662,0.0007113300916885168,68.24161100387573
462,-63.369518231331035,-59.20139684294617,30.76394325791683,0.883340075272662,0.0007102143826183061,68.15412044525146
463,-62.90322819161922,-59.20139684294617,30.76394325791683,0.883340075272662,0.0007090974007724443,68.25582933425903
464,-63.4300815014129,-59.20139684294617,30.76394325791683,0.883340075272662,0.000707979152915484,68.25879001617432
465,-63.64141568934664,-59.2120329381224,30.723129973746072,0.8810011585078511,0.0007068596458196405,192.92384433746338
466,-63.479084688551886,-59.2120329381224,30.723129973746072,0.8810011585078511,0.0007057388862647541,68.18674993515015
467,-63.57998037946985,-59.2120329381224,30.723129973746072,0.8810011585078511,0.0007046168810382538,68.16817092895508
468,-63.575527077532826,-59.2120329381224,30.723129973746072,0.8810011585078511,0.000703493636935111,68.31035304069519
469,-63.60584435970225,-59.2120329381224,30.723129973746072,0.8810011585078511,0.0007023691607578016,68.27210259437561
470,-63.44441280770809,-59.2120329381224,30.723129973746072,0.8810011585078511,0.0007012434593162567,68.21799349784851
471,-63.54801854884371,-59.2120329381224,30.723129973746072,0.8810011585078511,0.0007001165394278357,68.25443577766418
472,-63.52021008755298,-59.2120329381224,30.723129973746072,0.8810011585078511,0.0006989884079172719,68.26771092414856
473,-63.61013197391591,-59.2120329381224,30.723129973746072,0.8810011585078511,0.000697859071616638,68.22063040733337
474,-63.56760069664488,-59.2120329381224,30.723129973746072,0.8810011585078511,0.0006967285373653038,68.2542634010315
475,-63.65849826893908,-59.2120329381224,30.723129973746072,0.8810011585078511,0.0006955968120098907,68.19579815864563
476,-63.61388439421958,-59.2120329381224,30.723129973746072,0.8810011585078511,0.0006944639024042389,68.254727602005
477,-63.52765749667553,-59.2120329381224,30.723129973746072,0.8810011585078511,0.0006933298154093563,68.2407968044281
478,-63.64650020193547,-59.2120329381224,30.723129973746072,0.8810011585078511,0.0006921945578933828,68.28770995140076
479,-63.399531465895635,-59.2120329381224,30.723129973746072,0.8810011585078511,0.0006910581367315464,68.2431583404541
480,-63.475854110717776,-58.83808960062075,30.596113570924278,0.8817649423255551,0.0006899205588061246,192.24498748779297
481,-62.838717489039645,-58.83808960062075,30.596113570924278,0.8817649423255551,0.0006887818310063948,68.21876907348633
482,-63.54876903777427,-58.83808960062075,30.596113570924278,0.8817649423255551,0.0006876419602286031,68.2112307548523
483,-63.52562276961956,-58.83808960062075,30.596113570924278,0.8817649423255551,0.0006865009533759153,68.19156789779663
484,-63.63058694880059,-58.83808960062075,30.596113570924278,0.8817649423255551,0.0006853588173583817,68.21871757507324
485,-63.62844651404848,-58.83808960062075,30.596113570924278,0.8817649423255551,0.0006842155590928842,68.24590373039246
486,-63.60371202509454,-58.83808960062075,30.596113570924278,0.8817649423255551,0.000683071185503104,68.24861741065979
487,-63.59326472180955,-58.83808960062075,30.596113570924278,0.8817649423255551,0.0006819257035194803,68.38644027709961
488,-63.539903072600666,-58.83808960062075,30.596113570924278,0.8817649423255551,0.0006807791200791586,68.19641017913818
489,-63.21516824275889,-58.83808960062075,30.596113570924278,0.8817649423255551,0.000679631442125962,68.26355218887329
490,-63.655585041451964,-58.83808960062075,30.596113570924278,0.8817649423255551,0.0006784826766103342,68.22708821296692
491,-63.59230264704278,-58.83808960062075,30.596113570924278,0.8817649423255551,0.0006773328304893139,68.20834612846375
492,-63.678270266918425,-58.83808960062075,30.596113570924278,0.8817649423255551,0.0006761819107264745,68.19849681854248
493,-63.51829601855988,-58.83808960062075,30.596113570924278,0.8817649423255551,0.0006750299242918985,68.23933815956116
494,-63.60824972112128,-58.83808960062075,30.596113570924278,0.8817649423255551,0.0006738768781621276,68.22684097290039
495,-63.63479978683147,-59.46233438262317,30.858421076630794,0.8827822772001372,0.0006727227793201183,193.72560334205627
496,-63.71251317288013,-59.46233438262317,30.858421076630794,0.8827822772001372,0.0006715676347552035,68.17715406417847
497,-63.555307161047104,-59.46233438262317,30.858421076630794,0.8827822772001372,0.0006704114514630514,68.35455656051636
498,-63.774752320634555,-59.46233438262317,30.858421076630794,0.8827822772001372,0.000669254236445615,68.27696657180786
499,-63.74098636546034,-59.46233438262317,30.858421076630794,0.8827822772001372,0.000668095996711103,68.2021541595459
500,-63.74416939755704,-59.46233438262317,30.858421076630794,0.8827822772001372,0.0006669367392739261,68.18186402320862
501,-63.58110475743071,-59.46233438262317,30.858421076630794,0.8827822772001372,0.0006657764711546563,68.22091937065125
502,-63.35899561618237,-59.46233438262317,30.858421076630794,0.8827822772001372,0.00066461519937999,68.23231625556946
503,-63.51091310217026,-59.46233438262317,30.858421076630794,0.8827822772001372,0.0006634529309826983,68.1746997833252
504,-63.73475608825684,-59.46233438262317,30.858421076630794,0.8827822772001372,0.0006622896730015921,68.15053415298462
505,-63.71681991739476,-59.46233438262317,30.858421076630794,0.8827822772001372,0.0006611254324814735,68.32580637931824
506,-63.52953175483866,-59.46233438262317,30.858421076630794,0.8827822772001372,0.0006599602164730926,68.34193062782288
507,-63.64803159186181,-59.46233438262317,30.858421076630794,0.8827822772001372,0.0006587940320331126,68.30326128005981
508,-63.6831587040678,-59.46233438262317,30.858421076630794,0.8827822772001372,0.0006576268862240545,68.20678639411926
509,-63.44267225874231,-59.46233438262317,30.858421076630794,0.8827822772001372,0.0006564587861142672,68.31685853004456
510,-63.39690723825008,-59.495154798314495,30.876083201076163,0.8836944555360003,0.0006552897387778772,193.06765222549438
511,-63.773659929316096,-59.495154798314495,30.876083201076163,0.8836944555360003,0.0006541197512947469,68.24309945106506
512,-62.96238101391082,-59.495154798314495,30.876083201076163,0.8836944555360003,0.000652948830750434,68.29492568969727
513,-63.67030918851812,-59.495154798314495,30.876083201076163,0.8836944555360003,0.0006517769842361443,68.30364537239075
514,-63.49309148585543,-59.495154798314495,30.876083201076163,0.8836944555360003,0.0006506042188486916,68.29675197601318
515,-62.34870845713514,-59.495154798314495,30.876083201076163,0.8836944555360003,0.0006494305416904571,68.2776231765747
516,-63.43014560455972,-59.495154798314495,30.876083201076163,0.8836944555360003,0.0006482559598693413,68.3924355506897
517,-63.71567923363219,-59.495154798314495,30.876083201076163,0.8836944555360003,0.0006470804804987232,68.24983191490173
518,-63.61405543875187,-59.495154798314495,30.876083201076163,0.8836944555360003,0.0006459041106974212,68.33060550689697
519,-63.67990742947193,-59.495154798314495,30.876083201076163,0.8836944555360003,0.0006447268575896399,68.3250482082367
520,-63.46353368556246,-59.495154798314495,30.876083201076163,0.8836944555360003,0.0006435487283049415,68.2992217540741
521,-63.58814345826494,-59.495154798314495,30.876083201076163,0.8836944555360003,0.0006423697299781872,68.26548171043396
522,-63.78819845483658,-59.495154798314495,30.876083201076163,0.8836944555360003,0.0006411898697495044,68.28380227088928
523,-63.734731942034784,-59.495154798314495,30.876083201076163,0.8836944555360003,0.0006400091547642418,68.35624527931213
524,-63.560176045843896,-59.495154798314495,30.876083201076163,0.8836944555360003,0.0006388275921729187,68.26397824287415
525,-63.859527125257124,-59.4560894813771,30.938592904635435,0.8836758368662923,0.0006376451891311935,191.43594694137573
526,-63.82861035123784,-59.4560894813771,30.938592904635435,0.8836758368662923,0.0006364619527998132,68.27367329597473
527,-63.87442730031115,-59.4560894813771,30.938592904635435,0.8836758368662923,0.0006352778903445669,68.3010926246643
528,-63.885699308679456,-59.4560894813771,30.938592904635435,0.8836758368662923,0.0006340930089362562,68.25093579292297
529,-63.68012863321507,-59.4560894813771,30.938592904635435,0.8836758368662923,0.0006329073157506321,68.52762365341187
530,-63.70956031312334,-59.4560894813771,30.938592904635435,0.8836758368662923,0.0006317208179683681,68.23669147491455
531,-63.73963451791317,-59.4560894813771,30.938592904635435,0.8836758368662923,0.0006305335227750071,68.31461191177368
532,-63.85550796833444,-59.4560894813771,30.938592904635435,0.8836758368662923,0.0006293454373609222,68.63629245758057
533,-63.71300240374626,-59.4560894813771,30.938592904635435,0.8836758368662923,0.0006281565689212744,68.25972771644592
534,-63.54652823590218,-59.4560894813771,30.938592904635435,0.8836758368662923,0.0006269669246559637,68.31381368637085
535,-63.99924622393669,-59.4560894813771,30.938592904635435,0.8836758368662923,0.00062577651176959,68.29331827163696
536,-63.71021796693193,-59.4560894813771,30.938592904635435,0.8836758368662923,0.0006245853374714083,68.27183699607849
537,-63.94749423899549,-59.4560894813771,30.938592904635435,0.8836758368662923,0.0006233934089752841,68.28424286842346
538,-63.901043222305624,-59.4560894813771,30.938592904635435,0.8836758368662923,0.00062220073349965,68.2556939125061
539,-63.852804743989985,-59.4560894813771,30.938592904635435,0.8836758368662923,0.0006210073182674626,68.29549169540405
540,-63.94317075039478,-59.501522425969874,30.85966372303868,0.8853572469584285,0.0006198131705061619,193.00315976142883
541,-63.879503363751354,-59.501522425969874,30.85966372303868,0.8853572469584285,0.0006186182974476207,68.30742025375366
542,-63.7441245626896,-59.501522425969874,30.85966372303868,0.8853572469584285,0.0006174227063281017,68.23490357398987
543,-63.87799801927932,-59.501522425969874,30.85966372303868,0.8853572469584285,0.0006162264043882209,68.26826429367065
544,-63.72483723417241,-59.501522425969874,30.85966372303868,0.8853572469584285,0.0006150293988728976,68.24344325065613
545,-63.92121809289811,-59.501522425969874,30.85966372303868,0.8853572469584285,0.0006138316970313126,68.44770574569702
546,-64.09184522425875,-59.501522425969874,30.85966372303868,0.8853572469584285,0.0006126333061168613,68.23555755615234
547,-63.867587296506194,-59.501522425969874,30.85966372303868,0.8853572469584285,0.0006114342333871164,68.24914169311523
548,-63.84406833242863,-59.501522425969874,30.85966372303868,0.8853572469584285,0.0006102344861037745,68.25960230827332
549,-63.920957922428215,-59.501522425969874,30.85966372303868,0.8853572469584285,0.0006090340715326238,68.21008133888245
550,-63.94390706813082,-59.501522425969874,30.85966372303868,0.8853572469584285,0.0006078329969434866,68.7516610622406
551,-64.09165286612003,-59.501522425969874,30.85966372303868,0.8853572469584285,0.0006066312696101884,68.43936896324158
552,-63.965018885186375,-59.501522425969874,30.85966372303868,0.8853572469584285,0.0006054288968105033,68.29199767112732
553,-63.872791525658144,-59.501522425969874,30.85966372303868,0.8853572469584285,0.0006042258858261174,68.17598700523376
554,-63.748591386510974,-59.501522425969874,30.85966372303868,0.8853572469584285,0.0006030222439425798,68.16699004173279
555,-64.03407105790808,-59.77843865542192,31.052423241643005,0.8858701631223368,0.0006018179784492611,192.3614740371704
556,-63.85282340354108,-59.77843865542192,31.052423241643005,0.8858701631223368,0.0006006130966393088,68.20380592346191
557,-63.93012161254883,-59.77843865542192,31.052423241643005,0.8858701631223368,0.0005994076058096032,68.18384766578674
558,-63.9351871652806,-59.77843865542192,31.052423241643005,0.8858701631223368,0.0005982015132607104,68.24144220352173
559,-64.00926787193785,-59.77843865542192,31.052423241643005,0.8858701631223368,0.0005969948262968443,68.28599786758423
560,-64.09773132648874,-59.77843865542192,31.052423241643005,0.8858701631223368,0.0005957875522258182,68.28569555282593
561,-63.854921219196726,-59.77843865542192,31.052423241643005,0.8858701631223368,0.0005945796983589979,68.18854427337646
562,-63.95873300268295,-59.77843865542192,31.052423241643005,0.8858701631223368,0.000593371272011259,68.23172807693481
563,-64.0444624150053,-59.77843865542192,31.052423241643005,0.8858701631223368,0.0005921622805009517,68.23188161849976
564,-64.07951889038085,-59.77843865542192,31.052423241643005,0.8858701631223368,0.0005909527311498436,68.19434213638306
565,-64.0752802828525,-59.77843865542192,31.052423241643005,0.8858701631223368,0.0005897426312830795,68.24021697044373
566,-63.956779682889895,-59.77843865542192,31.052423241643005,0.8858701631223368,0.0005885319882291436,68.25096154212952
567,-63.84890860699593,-59.77843865542192,31.052423241643005,0.8858701631223368,0.0005873208093198029,68.24518918991089
568,-64.03612797513921,-59.77843865542192,31.052423241643005,0.8858701631223368,0.0005861091018900765,68.21941065788269
569,-64.21303702009484,-59.77843865542192,31.052423241643005,0.8858701631223368,0.0005848968732781787,68.23011064529419
570,-64.03041460564796,-59.54224530169679,30.931294139303443,0.8856988952902677,0.0005836841308254825,192.101313829422
571,-64.0334625487632,-59.54224530169679,30.931294139303443,0.8856988952902677,0.000582470881876471,68.24893355369568
572,-64.04973537363905,-59.54224530169679,30.931294139303443,0.8856988952902677,0.0005812571337786978,68.23695349693298
573,-64.05869561053336,-59.54224530169679,30.931294139303443,0.8856988952902677,0.000580042893882739,68.32006430625916
574,-64.02732452230251,-59.54224530169679,30.931294139303443,0.8856988952902677,0.0005788281695421456,68.23838710784912
575,-63.964186907829124,-59.54224530169679,30.931294139303443,0.8856988952902677,0.0005776129681134052,68.27031207084656
576,-63.88336575284917,-59.54224530169679,30.931294139303443,0.8856988952902677,0.0005763972969558925,68.33197712898254
577,-63.99646929477124,-59.54224530169679,30.931294139303443,0.8856988952902677,0.0005751811634318312,68.35520935058594
578,-64.11371218904536,-59.54224530169679,30.931294139303443,0.8856988952902677,0.0005739645749062428,68.2898895740509
579,-64.23445500312968,-59.54224530169679,30.931294139303443,0.8856988952902677,0.0005727475387469022,68.25185656547546
580,-64.17486663980687,-59.54224530169679,30.931294139303443,0.8856988952902677,0.0005715300623242978,68.25043749809265
581,-64.1348724852217,-59.54224530169679,30.931294139303443,0.8856988952902677,0.0005703121530115834,68.33062529563904
582,-64.23870705137861,-59.54224530169679,30.931294139303443,0.8856988952902677,0.0005690938181845335,68.44464921951294
583,-64.00639546982785,-59.54224530169679,30.931294139303443,0.8856988952902677,0.0005678750652215026,68.2781753540039
584,-64.02684442236068,-59.54224530169679,30.931294139303443,0.8856988952902677,0.0005666559015033735,68.27218770980835
585,-64.15876065517993,-59.3248681650393,30.930019147639438,0.8851004714849177,0.0005654363344135207,192.88088059425354
586,-64.02763996530086,-59.3248681650393,30.930019147639438,0.8851004714849177,0.0005642163713377575,68.20021939277649
587,-64.19877507635887,-59.3248681650393,30.930019147639438,0.8851004714849177,0.0005629960196642984,68.26627612113953
588,-64.11949739659086,-59.3248681650393,30.930019147639438,0.8851004714849177,0.0005617752867837093,68.2731704711914
589,-63.71657390188663,-59.3248681650393,30.930019147639438,0.8851004714849177,0.0005605541800888658,68.25555849075317
590,-63.762118229967484,-59.3248681650393,30.930019147639438,0.8851004714849177,0.0005593327069749097,68.27703881263733
591,-64.08792872327439,-59.3248681650393,30.930019147639438,0.8851004714849177,0.0005581108748391968,68.28023958206177
592,-64.13747872697546,-59.3248681650393,30.930019147639438,0.8851004714849177,0.0005568886910812593,68.23812794685364
593,-64.13593082833798,-59.3248681650393,30.930019147639438,0.8851004714849177,0.000555666163102759,68.26304054260254
594,-64.1638903922223,-59.3248681650393,30.930019147639438,0.8851004714849177,0.000554443298307442,68.31770515441895
595,-64.11613177847354,-59.3248681650393,30.930019147639438,0.8851004714849177,0.0005532201041010977,68.26277232170105
596,-64.30559560897503,-59.3248681650393,30.930019147639438,0.8851004714849177,0.0005519965878915056,68.26981234550476
597,-64.28142721297893,-59.3248681650393,30.930019147639438,0.8851004714849177,0.0005507727570883972,68.26608180999756
598,-64.14436457207863,-59.3248681650393,30.930019147639438,0.8851004714849177,0.0005495486191034086,68.25831294059753
599,-64.32838812483118,-59.3248681650393,30.930019147639438,0.8851004714849177,0.0005483241813500382,68.49675107002258
600,-64.17326811932503,-59.63742330548122,30.984512347601072,0.8870706648926497,0.0005470994512435969,192.48732161521912
601,-64.31381925217649,-59.63742330548122,30.984512347601072,0.8870706648926497,0.0005458744362011712,68.22254824638367
602,-64.00992721395289,-59.63742330548122,30.984512347601072,0.8870706648926497,0.0005446491436415634,68.29319167137146
603,-64.07446083718158,-59.63742330548122,30.984512347601072,0.8870706648926497,0.0005434235809852666,68.25258564949036
604,-64.30175920851687,-59.63742330548122,30.984512347601072,0.8870706648926497,0.0005421977556544061,68.24437546730042
605,-64.34376956858533,-59.63742330548122,30.984512347601072,0.8870706648926497,0.000540971675072697,68.28435921669006
606,-64.09561222157579,-59.63742330548122,30.984512347601072,0.8870706648926497,0.0005397453466654003,68.30168008804321
607,-64.36765189475202,-59.63742330548122,30.984512347601072,0.8870706648926497,0.0005385187778592786,68.32820963859558
608,-64.35792474949614,-59.63742330548122,30.984512347601072,0.8870706648926497,0.0005372919760825513,68.17281150817871
609,-64.33056167440212,-59.63742330548122,30.984512347601072,0.8870706648926497,0.0005360649487648466,68.27818560600281
610,-64.21765403747558,-59.63742330548122,30.984512347601072,0.8870706648926497,0.0005348377033371585,68.26789951324463
611,-64.34582691598446,-59.63742330548122,30.984512347601072,0.8870706648926497,0.0005336102472318031,68.28516387939453
612,-64.40703010559082,-59.63742330548122,30.984512347601072,0.8870706648926497,0.0005323825878823734,68.21202802658081
613,-64.19678812229887,-59.63742330548122,30.984512347601072,0.8870706648926497,0.0005311547327236926,68.19663977622986
614,-64.40393920249127,-59.63742330548122,30.984512347601072,0.8870706648926497,0.0005299266891917675,68.34373426437378
615,-64.37958531481155,-59.63644992513719,30.955086842164643,0.8864720258866001,0.0005286984647237491,193.0247609615326
616,-64.31005310707904,-59.63644992513719,30.955086842164643,0.8864720258866001,0.0005274700667578831,68.20047044754028
617,-64.25418779900734,-59.63644992513719,30.955086842164643,0.8864720258866001,0.0005262415027334637,68.17761707305908
618,-64.35187912798942,-59.63644992513719,30.955086842164643,0.8864720258866001,0.0005250127800907925,68.23499965667725
619,-64.34719493135493,-59.63644992513719,30.955086842164643,0.8864720258866001,0.0005237839062711327,68.26143479347229
620,-64.2956975815144,-59.63644992513719,30.955086842164643,0.8864720258866001,0.0005225548887166618,68.25059962272644
621,-64.331345310617,-59.63644992513719,30.955086842164643,0.8864720258866001,0.0005213257348704255,68.27208518981934
622,-64.38706878499782,-59.63644992513719,30.955086842164643,0.8864720258866001,0.0005200964521763003,68.20765590667725
623,-64.46514520036413,-59.63644992513719,30.955086842164643,0.8864720258866001,0.0005188670480789366,68.25196242332458
624,-64.4891244441905,-59.63644992513719,30.955086842164643,0.8864720258866001,0.0005176375300237276,68.24245142936707
625,-64.40154084550574,-59.63644992513719,30.955086842164643,0.8864720258866001,0.0005164079054567527,68.21118402481079
626,-64.46281406321424,-59.63644992513719,30.955086842164643,0.8864720258866001,0.0005151781818247343,68.28060936927795
627,-64.34002558119754,-59.63644992513719,30.955086842164643,0.8864720258866001,0.0005139483665749947,68.17421126365662
628,-64.39639051721451,-59.63644992513719,30.955086842164643,0.8864720258866001,0.0005127184671554149,68.22172117233276
629,-64.4379818124974,-59.63644992513719,30.955086842164643,0.8864720258866001,0.0005114884910143843,68.28911113739014
630,-64.39473178133052,-59.65118248544257,30.945001602791656,0.8872236182978791,0.0005102584456007554,193.3220570087433
631,-64.47246909445904,-59.65118248544257,30.945001602791656,0.8872236182978791,0.0005090283383637985,68.13489198684692
632,-64.5672534942627,-59.65118248544257,30.945001602791656,0.8872236182978791,0.0005077981767531648,68.25074768066406
633,-64.37035825201805,-59.65118248544257,30.945001602791656,0.8872236182978791,0.0005065679682188311,68.27354097366333
634,-64.43753183243122,-59.65118248544257,30.945001602791656,0.8872236182978791,0.0005053377202110545,68.26442050933838
635,-64.34005250322058,-59.65118248544257,30.945001602791656,0.8872236182978791,0.0005041074401803384,68.1804506778717
636,-64.38362847997787,-59.65118248544257,30.945001602791656,0.8872236182978791,0.0005028771355773767,68.25108408927917
637,-64.39880578873006,-59.65118248544257,30.945001602791656,0.8872236182978791,0.0005016468138530118,68.23340511322021
638,-64.50900969809675,-59.65118248544257,30.945001602791656,0.8872236182978791,0.0005004164824581888,68.18070650100708
639,-64.39222670210168,-59.65118248544257,30.945001602791656,0.8872236182978791,0.0004991861488439109,68.236168384552
640,-64.36688271380486,-59.65118248544257,30.945001602791656,0.8872236182978791,0.0004979558204611995,68.31800818443298
641,-64.36128122857276,-59.65118248544257,30.945001602791656,0.8872236182978791,0.0004967255047610403,68.23079204559326
642,-64.19547624790923,-59.65118248544257,30.945001602791656,0.8872236182978791,0.0004954952091943435,68.14608597755432
643,-64.25937142067767,-59.65118248544257,30.945001602791656,0.8872236182978791,0.0004942649412118947,68.28647017478943
644,-64.4164425707878,-59.65118248544257,30.945001602791656,0.8872236182978791,0.0004930347082643177,68.19237303733826
645,-64.4920610955421,-59.775755705272644,30.987904369540345,0.8877241175285088,0.0004918045178020193,193.46942114830017
646,-64.47764882026834,-59.775755705272644,30.987904369540345,0.8877241175285088,0.0004905743772751523,68.35049271583557
647,-64.61345103649383,-59.775755705272644,30.987904369540345,0.8877241175285088,0.0004893442941335651,68.45954585075378
648,-64.55271849936628,-59.775755705272644,30.987904369540345,0.8877241175285088,0.0004881142758267582,68.34656047821045
649,-64.64764317451639,-59.775755705272644,30.987904369540345,0.8877241175285088,0.00048688432980384145,68.27455735206604
650,-64.58395539953354,-59.775755705272644,30.987904369540345,0.8877241175285088,0.00048565446351348597,68.20036578178406
651,-64.7084482964049,-59.775755705272644,30.987904369540345,0.8877241175285088,0.00048442468440387923,68.2851665019989
652,-64.29750592657861,-59.775755705272644,30.987904369540345,0.8877241175285088,0.00048319499992268257,68.25342345237732
653,-64.55897116965436,-59.775755705272644,30.987904369540345,0.8877241175285088,0.0004819654175169818,68.29511070251465
654,-64.64014994844477,-59.775755705272644,30.987904369540345,0.8877241175285088,0.00048073594463324585,68.22832822799683
655,-64.54379583318183,-59.775755705272644,30.987904369540345,0.8877241175285088,0.00047950658871728097,68.26073861122131
656,-64.47589064253137,-59.775755705272644,30.987904369540345,0.8877241175285088,0.0004782773572141845,68.25534582138062
657,-64.66045179975794,-59.775755705272644,30.987904369540345,0.8877241175285088,0.0004770482575683,68.2362859249115
658,-64.55623651058116,-59.775755705272644,30.987904369540345,0.8877241175285088,0.000475819297223172,68.28122997283936
659,-64.55353162237938,-59.775755705272644,30.987904369540345,0.8877241175285088,0.00047459048362150276,68.24862051010132
660,-64.57453145777926,-59.72790246125443,31.00442506707016,0.8874700320960122,0.0004733618242051066,192.74839615821838
661,-64.70180650264659,-59.72790246125443,31.00442506707016,0.8874700320960122,0.00047213332641486114,68.43158221244812
662,-64.47247285234167,-59.72790246125443,31.00442506707016,0.8874700320960122,0.00047090499769066757,68.3156578540802
663,-64.57507350191158,-59.72790246125443,31.00442506707016,0.8874700320960122,0.00046967684547140256,68.28116083145142
664,-64.63114589123016,-59.72790246125443,31.00442506707016,0.8874700320960122,0.000468448877194872,68.23143887519836
665,-64.60773426624054,-59.72790246125443,31.00442506707016,0.8874700320960122,0.0004672211002977708,68.48322892189026
666,-64.53709582876652,-59.72790246125443,31.00442506707016,0.8874700320960122,0.0004659935222156336,68.19072079658508
667,-64.5305045756888,-59.72790246125443,31.00442506707016,0.8874700320960122,0.0004647661503827905,68.28329348564148
668,-64.65983735754135,-59.72790246125443,31.00442506707016,0.8874700320960122,0.0004635389922323237,68.28913450241089
669,-64.53765332648095,-59.72790246125443,31.00442506707016,0.8874700320960122,0.0004623120551960199,68.30304598808289
670,-64.62127929038189,-59.72790246125443,31.00442506707016,0.8874700320960122,0.0004610853467043274,68.29467153549194
671,-64.60739332970152,-59.72790246125443,31.00442506707016,0.8874700320960122,0.0004598588741863101,68.20750379562378
672,-64.53694403628086,-59.72790246125443,31.00442506707016,0.8874700320960122,0.00045863264506960466,68.2202422618866
673,-64.6580260418831,-59.72790246125443,31.00442506707016,0.8874700320960122,0.0004574066667803718,68.4004008769989
674,-64.63815899301082,-59.72790246125443,31.00442506707016,0.8874700320960122,0.0004561809467432522,68.21223545074463
675,-64.72027822453924,-59.848403707643016,31.027446935485347,0.8883470165305821,0.00045495549238132424,192.84974217414856
676,-64.65578988257874,-59.848403707643016,31.027446935485347,0.8883470165305821,0.0004537303111160575,68.26807594299316
677,-64.55793125883062,-59.848403707643016,31.027446935485347,0.8883470165305821,0.00045250541036726726,68.30117344856262
678,-64.97066234020477,-59.848403707643016,31.027446935485347,0.8883470165305821,0.00045128079755307033,68.24232912063599
679,-64.7056398269978,-59.848403707643016,31.027446935485347,0.8883470165305821,0.0004500564800898377,68.36224579811096
